year,margin,decade
1877,4 wickets,1870
1877,45 runs,1870
1878,,1870
1879,10 wickets,1870
1880,5 wickets,1880
1881,-,1880
1882,9 wickets,1880
1882,7 runs,1880
1882,-,1880
1882,6 wickets,1880
1882,5 wickets,1880
1883,4 wickets,1880
1883,69 runs,1880
1883,inns & 27 runs,1880
1884,8 wickets,1880
1884,-,1880
1884,inns & 5 runs,1880
1884,-,1880
1885,inns & 98 runs,1880
1885,8 wickets,1880
1885,6 runs,1880
1885,10 wickets,1880
1886,inns & 217 runs,1880
1886,inns & 106 runs,1880
1886,4 wickets,1880
1887,71 runs,1880
1887,13 runs,1880
1888,inns & 21 runs,1880
1888,inns & 137 runs,1880
1888,61 runs,1880
1888,126 runs,1880
1889,inns & 202 runs,1880
1889,8 wickets,1880
1890,2 wickets,1890
1890,7 wickets,1890
1891,,1890
1892,inns & 230 runs,1890
1892,inns & 189 runs,1890
1892,72 runs,1890
1892,54 runs,1890
1893,-,1890
1893,inns & 43 runs,1890
1893,-,1890
1894,94 runs,1890
1894,10 runs,1890
1895,6 wickets,1890
1895,inns & 147 runs,1890
1895,382 runs,1890
1896,66 runs,1890
1896,3 wickets,1890
1896,6 wickets,1890
1896,inns & 33 runs,1890
1896,inns & 197 runs,1890
1896,288 runs,1890
1897,9 wickets,1890
1898,6 wickets,1890
1898,8 wickets,1890
1898,inns & 13 runs,1890
1898,inns & 55 runs,1890
1899,-,1890
1899,-,1890
1899,-,1890
1899,10 wickets,1890
1899,-,1890
1899,210 runs,1890
1899,32 runs,1890
1900,,1900
1901,inns & 124 runs,1900
1902,10 wickets,1900
1902,159 runs,1900
1902,-,1900
1902,1 wicket,1900
1902,3 runs,1900
1902,143 runs,1900
1902,-,1900
1902,-,1900
1902,32 runs,1900
1902,7 wickets,1900
1902,4 wickets,1900
1902,229 runs,1900
1903,5 wickets,1900
1904,218 runs,1900
1904,157 runs,1900
1904,216 runs,1900
1904,185 runs,1900
1905,-,1900
1905,inns & 80 runs,1900
1905,-,1900
1905,-,1900
1905,213 runs,1900
1906,inns & 16 runs,1900
1906,4 wickets,1900
1906,243 runs,1900
1906,9 wickets,1900
1906,1 wicket,1900
1907,2 wickets,1900
1907,-,1900
1907,53 runs,1900
1907,-,1900
1908,49 runs,1900
1908,308 runs,1900
1908,245 runs,1900
1908,1 wicket,1900
1909,-,1900
1909,-,1900
1909,126 runs,1900
1909,9 wickets,1900
1909,10 wickets,1900
1910,89 runs,1910
1910,inns & 114 runs,1910
1910,9 wickets,1910
1910,4 wickets,1910
1910,3 wickets,1910
1910,95 runs,1910
1910,19 runs,1910
1911,8 wickets,1910
1911,146 runs,1910
1911,7 wickets,1910
1911,530 runs,1910
1911,38 runs,1910
1912,244 runs,1910
1912,10 wickets,1910
1912,-,1910
1912,-,1910
1912,10 wickets,1910
1912,174 runs,1910
1912,-,1910
1912,inns & 62 runs,1910
1912,inns & 88 runs,1910
1912,70 runs,1910
1912,inns & 225 runs,1910
1912,7 wickets,1910
1913,inns & 12 runs,1910
1913,inns & 157 runs,1910
1914,10 wickets,1910
1914,-,1910
1914,91 runs,1910
1915,,1910
1916,,1910
1917,,1910
1918,,1910
1919,,1910
1920,inns & 91 runs,1920
1920,377 runs,1920
1921,10 wickets,1920
1921,-,1920
1921,-,1920
1921,-,1920
1921,-,1920
1921,219 runs,1920
1921,8 wickets,1920
1921,10 wickets,1920
1921,9 wickets,1920
1921,8 wickets,1920
1921,119 runs,1920
1922,168 runs,1920
1923,109 runs,1920
1923,-,1920
1923,-,1920
1923,1 wicket,1920
1924,193 runs,1920
1924,-,1920
1924,-,1920
1924,9 wickets,1920
1924,inns & 18 runs,1920
1924,inns & 18 runs,1920
1925,307 runs,1920
1925,inns & 29 runs,1920
1925,11 runs,1920
1925,81 runs,1920
1926,289 runs,1920
1926,-,1920
1926,-,1920
1926,-,1920
1926,-,1920
1927,87 runs,1920
1927,10 wickets,1920
1928,3 wickets,1920
1928,8 wickets,1920
1928,675 runs,1920
1928,inns & 71 runs,1920
1928,inns & 30 runs,1920
1928,inns & 58 runs,1920
1928,8 wickets,1920
1928,4 wickets,1920
1928,-,1920
1929,-,1920
1929,inns & 32 runs,1920
1929,5 wickets,1920
1929,-,1920
1929,-,1920
1929,5 wickets,1920
1929,12 runs,1920
1930,28 runs,1930
1930,10 wickets,1930
1930,inns & 39 runs,1930
1930,-,1930
1930,-,1930
1930,7 wickets,1930
1930,93 runs,1930
1930,-,1930
1930,289 runs,1930
1930,-,1930
1930,-,1930
1930,167 runs,1930
1930,-,1930
1930,-,1930
1930,8 wickets,1930
1931,169 runs,1930
1931,inns & 155 runs,1930
1931,inns & 163 runs,1930
1931,-,1930
1931,inns & 26 runs,1930
1931,-,1930
1931,30 runs,1930
1931,-,1930
1931,-,1930
1931,inns & 122 runs,1930
1931,-,1930
1931,inns & 217 runs,1930
1931,-,1930
1931,inns & 172 runs,1930
1932,111 runs,1930
1932,10 wickets,1930
1932,158 runs,1930
1932,8 wickets,1930
1932,inns & 12 runs,1930
1932,inns & 72 runs,1930
1932,10 wickets,1930
1933,9 wickets,1930
1933,inns & 17 runs,1930
1933,-,1930
1933,inns & 27 runs,1930
1933,-,1930
1933,-,1930
1933,8 wickets,1930
1933,6 wickets,1930
1933,338 runs,1930
1934,562 runs,1930
1934,-,1930
1934,-,1930
1934,inns & 38 runs,1930
1934,238 runs,1930
1934,202 runs,1930
1934,-,1930
1935,-,1930
1935,9 wickets,1930
1935,-,1930
1935,-,1930
1935,-,1930
1935,157 runs,1930
1935,-,1930
1935,inns & 161 runs,1930
1935,-,1930
1935,217 runs,1930
1935,4 wickets,1930
1936,inns & 22 runs,1930
1936,322 runs,1930
1936,9 wickets,1930
1936,-,1930
1936,9 wickets,1930
1936,inns & 6 runs,1930
1936,inns & 184 runs,1930
1936,inns & 78 runs,1930
1937,-,1930
1937,130 runs,1930
1937,-,1930
1937,inns & 200 runs,1930
1937,148 runs,1930
1937,365 runs,1930
1938,-,1930
1938,-,1930
1938,inns & 579 runs,1930
1938,5 wickets,1930
1938,-,1930
1938,-,1930
1939,-,1930
1939,-,1930
1939,8 wickets,1930
1939,-,1930
1939,-,1930
1939,inns & 13 runs,1930
1940,,1940
1941,,1940
1942,,1940
1943,,1940
1944,,1940
1945,,1940
1946,inns & 33 runs,1940
1946,inns & 332 runs,1940
1946,-,1940
1946,-,1940
1946,10 wickets,1940
1946,inns & 103 runs,1940
1947,-,1940
1947,inns & 226 runs,1940
1947,-,1940
1947,10 wickets,1940
1947,7 wickets,1940
1947,10 wickets,1940
1947,-,1940
1947,-,1940
1947,5 wickets,1940
1947,-,1940
1947,-,1940
1948,-,1940
1948,-,1940
1948,2 wickets,1940
1948,-,1940
1948,-,1940
1948,inns & 149 runs,1940
1948,7 wickets,1940
1948,-,1940
1948,409 runs,1940
1948,8 wickets,1940
1948,10 wickets,1940
1948,7 wickets,1940
1948,-,1940
1948,inns & 177 runs,1940
1948,inns & 16 runs,1940
1948,-,1940
1948,233 runs,1940
1949,8 wickets,1940
1949,inns & 85 runs,1940
1949,-,1940
1949,-,1940
1949,-,1940
1949,-,1940
1949,3 wickets,1940
1949,-,1940
1949,-,1940
1949,inns & 193 runs,1940
1949,-,1940
1950,28 runs,1950
1950,70 runs,1950
1950,inns & 56 runs,1950
1950,10 wickets,1950
1950,326 runs,1950
1950,202 runs,1950
1950,inns & 259 runs,1950
1950,-,1950
1950,5 wickets,1950
1951,1 wicket,1950
1951,-,1950
1951,6 wickets,1950
1951,-,1950
1951,7 wickets,1950
1951,3 wickets,1950
1951,-,1950
1951,4 wickets,1950
1951,-,1950
1951,9 wickets,1950
1951,10 wickets,1950
1951,71 runs,1950
1951,6 wickets,1950
1951,-,1950
1951,8 wickets,1950
1951,274 runs,1950
1951,inns & 13 runs,1950
1952,82 runs,1950
1952,-,1950
1952,96 runs,1950
1952,-,1950
1952,10 wickets,1950
1952,inns & 43 runs,1950
1952,inns & 70 runs,1950
1952,-,1950
1952,inns & 207 runs,1950
1952,8 wickets,1950
1952,7 wickets,1950
1952,-,1950
1952,5 wickets,1950
1952,inns & 8 runs,1950
1952,202 runs,1950
1952,8 wickets,1950
1953,132 runs,1950
1953,inns & 58 runs,1950
1953,8 wickets,1950
1953,-,1950
1953,-,1950
1953,-,1950
1953,-,1950
1953,-,1950
1953,-,1950
1953,-,1950
1953,inns & 180 runs,1950
1953,-,1950
1953,142 runs,1950
1953,6 wickets,1950
1953,-,1950
1953,-,1950
1953,inns & 38 runs,1950
1954,128 runs,1950
1954,38 runs,1950
1954,inns & 154 runs,1950
1954,24 runs,1950
1954,-,1950
1954,inns & 129 runs,1950
1954,-,1950
1954,9 wickets,1950
1954,-,1950
1954,9 wickets,1950
1954,181 runs,1950
1954,5 wickets,1950
1954,9 wickets,1950
1954,140 runs,1950
1954,-,1950
1955,-,1950
1955,-,1950
1955,inns & 27 runs,1950
1955,-,1950
1955,-,1950
1955,4 wickets,1950
1955,inns & 1 run,1950
1955,92 runs,1950
1955,224 runs,1950
1955,3 wickets,1950
1955,71 runs,1950
1955,inns & 82 runs,1950
1955,inns & 5 runs,1950
1955,-,1950
1955,8 wickets,1950
1955,-,1950
1955,9 wickets,1950
1955,inns & 20 runs,1950
1955,8 wickets,1950
1955,-,1950
1955,-,1950
1955,-,1950
1955,-,1950
1955,5 wickets,1950
1955,-,1950
1955,-,1950
1956,131 runs,1950
1956,94 runs,1950
1956,-,1950
1956,inns & 5 runs,1950
1956,9 wickets,1950
1956,-,1950
1956,inns & 170 runs,1950
1956,inns & 42 runs,1950
1956,185 runs,1950
1956,-,1950
1956,190 runs,1950
1956,9 wickets,1950
1956,inns & 64 runs,1950
1956,inns & 71 runs,1950
1956,inns & 109 runs,1950
1957,inns & 141 runs,1950
1957,-,1950
1957,inns & 237 runs,1950
1957,inns & 5 runs,1950
1957,-,1950
1957,inns & 36 runs,1950
1957,-,1950
1957,58 runs,1950
1957,17 runs,1950
1957,-,1950
1957,312 runs,1950
1958,inns & 336 runs,1950
1958,8 wickets,1950
1958,203 runs,1950
1958,8 wickets,1950
1958,-,1950
1958,-,1950
1958,inns & 13 runs,1950
1958,inns & 71 runs,1950
1958,inns & 148 runs,1950
1958,205 runs,1950
1958,inns & 1 run,1950
1958,8 wickets,1950
1958,8 wickets,1950
1958,inns & 174 runs,1950
1958,10 wickets,1950
1958,120 runs,1950
1958,-,1950
1958,-,1950
1959,119 runs,1950
1959,inns & 127 runs,1950
1959,-,1950
1959,7 wickets,1950
1959,8 wickets,1950
1959,inns & 27 runs,1950
1959,171 runs,1950
1959,inns & 173 runs,1950
1959,8 wickets,1950
1959,inns & 59 runs,1950
1959,inns & 156 runs,1950
1959,-,1950
1959,41 runs,1950
1959,inns & 99 runs,1950
1959,10 wickets,1950
1959,9 wickets,1950
1959,-,1950
1959,10 wickets,1950
1959,295 runs,1950
1959,-,1950
1960,-,1960
1960,7 wickets,1960
1960,-,1960
1960,-,1960
1960,-,1960
1960,-,1960
1960,-,1960
1960,8 wickets,1960
1960,inns & 73 runs,1960
1960,100 runs,1960
1960,-,1960
1960,-,1960
1960,-,1960
1960,256 runs,1960
1960,-,1960
1960,inns & 55 runs,1960
1960,-,1960
1960,-,1960
1961,187 runs,1960
1961,-,1960
1961,-,1960
1961,30 runs,1960
1961,-,1960
1961,-,1960
1961,5 wickets,1960
1961,-,1960
1961,54 runs,1960
1961,8 wickets,1960
1961,5 wickets,1960
1961,-,1960
1961,2 wickets,1960
1961,-,1960
1961,-,1960
1961,-,1960
1961,222 runs,1960
1962,7 wickets,1960
1962,-,1960
1962,10 wickets,1960
1962,-,1960
1962,inns & 117 runs,1960
1962,9 wickets,1960
1962,inns & 24 runs,1960
1962,123 runs,1960
1962,7 wickets,1960
1962,inns & 30 runs,1960
1962,inns & 18 runs,1960
1962,10 wickets,1960
1962,40 runs,1960
1962,inns & 51 runs,1960
1962,-,1960
1962,-,1960
1962,128 runs,1960
1962,72 runs,1960
1963,-,1960
1963,8 wickets,1960
1963,221 runs,1960
1963,217 runs,1960
1963,-,1960
1963,10 wickets,1960
1963,7 wickets,1960
1963,inns & 47 runs,1960
1963,inns & 215 runs,1960
1963,-,1960
1963,-,1960
1963,8 wickets,1960
1964,-,1960
1964,inns & 104 runs,1960
1964,-,1960
1964,-,1960
1964,-,1960
1964,2 wickets,1960
1964,139 runs,1960
1964,-,1960
1964,-,1960
1964,7 wickets,1960
1964,-,1960
1964,-,1960
1964,-,1960
1964,-,1960
1964,-,1960
1964,-,1960
1964,-,1960
1964,-,1960
1964,-,1960
1964,10 wickets,1960
1964,-,1960
1964,-,1960
1964,-,1960
1964,8 wickets,1960
1965,-,1960
1965,-,1960
1965,-,1960
1965,94 runs,1960
1965,-,1960
1965,inns & 187 runs,1960
1965,7 wickets,1960
1965,9 wickets,1960
1965,10 wickets,1960
1965,-,1960
1965,212 runs,1960
1965,8 wickets,1960
1965,-,1960
1965,inns & 64 runs,1960
1965,-,1960
1965,7 wickets,1960
1965,-,1960
1965,-,1960
1965,179 runs,1960
1965,-,1960
1965,-,1960
1965,-,1960
1965,-,1960
1965,-,1960
1965,-,1960
1965,-,1960
1966,6 wickets,1960
1966,inns & 45 runs,1960
1966,233 runs,1960
1966,6 wickets,1960
1966,inns & 34 runs,1960
1966,inns & 55 runs,1960
1966,139 runs,1960
1966,-,1960
1966,inns & 40 runs,1960
1966,-,1960
1966,-,1960
1966,-,1960
1966,-,1960
1966,inns & 9 runs,1960
1966,inns & 93 runs,1960
1967,inns & 4 runs,1960
1967,146 runs,1960
1967,8 wickets,1960
1967,10 wickets,1960
1967,-,1960
1967,132 runs,1960
1967,inns & 124 runs,1960
1967,6 wickets,1960
1967,7 wickets,1960
1967,-,1960
1967,8 wickets,1960
1967,-,1960
1968,inns & 30 runs,1960
1968,125 runs,1960
1968,226 runs,1960
1968,-,1960
1968,-,1960
1968,-,1960
1968,159 runs,1960
1968,-,1960
1968,7 wickets,1960
1968,272 runs,1960
1968,-,1960
1968,8 wickets,1960
1968,6 wickets,1960
1968,5 wickets,1960
1968,-,1960
1968,144 runs,1960
1968,-,1960
1968,39 runs,1960
1969,77 runs,1960
1969,10 wickets,1960
1969,7 wickets,1960
1969,-,1960
1969,-,1960
1969,8 wickets,1960
1969,5 wickets,1960
1969,-,1960
1969,-,1960
1969,167 runs,1960
1969,60 runs,1960
1969,8 wickets,1960
1969,-,1960
1969,230 runs,1960
1969,30 runs,1960
1969,-,1960
1969,10 wickets,1960
1969,-,1960
1969,6 wickets,1960
1969,-,1960
1969,-,1960
1969,5 wickets,1960
1969,-,1960
1969,382 runs,1960
1969,-,1960
1969,10 wickets,1960
1970,-,1970
1970,-,1970
1970,323 runs,1970
1970,307 runs,1970
1970,inns & 129 runs,1970
1970,170 runs,1970
1971,4 wickets,1970
1971,-,1970
1971,-,1970
1971,25 runs,1970
1971,-,1970
1971,-,1970
1971,-,1970
1971,-,1970
1971,-,1970
1971,7 wickets,1970
1971,-,1970
1971,8 wickets,1970
1971,-,1970
1971,62 runs,1970
1971,-,1970
1971,-,1970
1971,299 runs,1970
1972,28 runs,1970
1972,92 runs,1970
1972,inns & 114 runs,1970
1972,6 wickets,1970
1972,5 wickets,1970
1972,9 wickets,1970
1972,-,1970
1972,8 wickets,1970
1972,89 runs,1970
1972,-,1970
1972,-,1970
1972,-,1970
1972,-,1970
1972,-,1970
1973,inns & 25 runs,1970
1973,inns & 226 runs,1970
1973,-,1970
1973,158 runs,1970
1973,inns & 1 run,1970
1973,-,1970
1973,38 runs,1970
1973,-,1970
1973,10 wickets,1970
1973,-,1970
1973,44 runs,1970
1973,-,1970
1973,-,1970
1973,-,1970
1973,-,1970
1973,-,1970
1973,inns & 166 runs,1970
1973,-,1970
1973,-,1970
1973,-,1970
1973,4 wickets,1970
1973,52 runs,1970
1974,85 runs,1970
1974,-,1970
1974,9 wickets,1970
1974,inns & 17 runs,1970
1974,166 runs,1970
1974,267 runs,1970
1974,-,1970
1974,-,1970
1974,-,1970
1974,inns & 78 runs,1970
1974,inns & 285 runs,1970
1974,113 runs,1970
1974,26 runs,1970
1974,-,1970
1974,297 runs,1970
1974,5 wickets,1970
1974,-,1970
1974,-,1970
1974,-,1970
1974,7 wickets,1970
1974,inns & 57 runs,1970
1974,-,1970
1975,8 wickets,1970
1975,inns & 87 runs,1970
1975,8 wickets,1970
1975,-,1970
1975,-,1970
1975,-,1970
1975,inns & 85 runs,1970
1975,-,1970
1975,-,1970
1975,inns & 83 runs,1970
1975,-,1970
1975,inns & 4 runs,1970
1975,163 runs,1970
1975,201 runs,1970
1975,100 runs,1970
1975,171 runs,1970
1976,-,1970
1976,inns & 25 runs,1970
1976,216 runs,1970
1976,-,1970
1976,162 runs,1970
1976,-,1970
1976,10 wickets,1970
1976,6 wickets,1970
1976,231 runs,1970
1976,55 runs,1970
1976,425 runs,1970
1976,-,1970
1976,-,1970
1976,10 wickets,1970
1976,6 wickets,1970
1976,-,1970
1976,inns & 97 runs,1970
1976,inns & 33 runs,1970
1976,-,1970
1976,165 runs,1970
1976,8 wickets,1970
1976,190 runs,1970
1976,7 wickets,1970
1977,222 runs,1970
1977,2 wickets,1970
1977,-,1970
1977,16 runs,1970
1977,-,1970
1977,inns & 85 runs,1970
1977,7 wickets,1970
1977,9 wickets,1970
1977,-,1970
1977,140 runs,1970
1977,266 runs,1970
1977,-,1970
1977,45 runs,1970
1977,6 wickets,1970
1977,10 wickets,1970
1977,-,1970
1977,-,1970
1977,-,1970
1977,140 runs,1970
1977,200 runs,1970
1977,8 wickets,1970
1977,10 wickets,1970
1977,348 runs,1970
1978,-,1970
1978,103 runs,1970
1978,-,1970
1978,166 runs,1970
1978,-,1970
1978,7 wickets,1970
1978,8 wickets,1970
1978,8 wickets,1970
1978,-,1970
1978,7 wickets,1970
1978,inns & 119 runs,1970
1978,7 wickets,1970
1978,-,1970
1978,inns & 120 runs,1970
1978,inns & 57 runs,1970
1978,-,1970
1978,198 runs,1970
1978,3 wickets,1970
1978,9 wickets,1970
1978,-,1970
1978,inns & 106 runs,1970
1978,174 runs,1970
1978,72 runs,1970
1978,47 runs,1970
1978,-,1970
1978,inns & 2 runs,1970
1978,-,1970
1979,10 wickets,1970
1979,-,1970
1979,131 runs,1970
1979,138 runs,1970
1979,-,1970
1979,-,1970
1979,-,1970
1979,inns & 100 runs,1970
1979,-,1970
1979,-,1970
1979,153 runs,1970
1979,-,1970
1979,-,1970
1979,-,1970
1979,-,1970
1979,-,1970
1979,inns & 83 runs,1970
1979,7 wickets,1970
1979,71 runs,1970
1979,-,1970
1979,-,1970
1979,9 wickets,1970
1979,-,1970
1979,128 runs,1970
1979,205 runs,1970
1979,-,1970
1979,3 wickets,1970
1979,93 runs,1970
1980,-,1980
1980,-,1980
1980,-,1980
1980,8 wickets,1980
1980,156 runs,1980
1980,10 wickets,1980
1980,-,1980
1980,-,1980
1980,-,1980
1980,-,1980
1980,-,1980
1980,-,1980
1980,2 wickets,1980
1980,-,1980
1980,-,1980
1980,-,1980
1980,7 wickets,1980
1980,-,1980
1980,10 wickets,1980
1980,1 wicket,1980
1980,8 wickets,1980
1980,-,1980
1980,408 runs,1980
1980,10 wickets,1980
1980,6 wickets,1980
1981,58 runs,1980
1981,-,1980
1981,inns & 82 runs,1980
1981,-,1980
1981,138 runs,1980
1981,10 wickets,1980
1981,286 runs,1980
1981,-,1980
1981,103 runs,1980
1981,29 runs,1980
1981,18 runs,1980
1981,-,1980
1981,4 wickets,1980
1981,-,1980
1981,-,1980
1981,298 runs,1980
1981,-,1980
1981,-,1980
1981,62 runs,1980
1981,inns & 79 runs,1980
1981,59 runs,1980
1981,-,1980
1981,inns & 4 runs,1980
1982,3 runs,1980
1982,inns & 86 runs,1980
1982,-,1980
1982,8 wickets,1980
1982,7 wickets,1980
1982,-,1980
1982,9 wickets,1980
1982,inns & 3 runs,1980
1982,9 wickets,1980
1982,-,1980
1982,3 wickets,1980
1982,10 wickets,1980
1982,113 runs,1980
1982,-,1980
1982,-,1980
1982,7 wickets,1980
1982,inns & 102 runs,1980
1982,8 wickets,1980
1982,-,1980
1982,5 wickets,1980
1982,204 runs,1980
1982,-,1980
1982,7 wickets,1980
1982,-,1980
1982,5 wickets,1980
1982,-,1980
1982,-,1980
1982,-,1980
1983,-,1980
1983,-,1980
1983,inns & 46 runs,1980
1983,-,1980
1983,-,1980
1983,-,1980
1983,138 runs,1980
1983,inns & 9 runs,1980
1983,-,1980
1983,inns & 83 runs,1980
1983,-,1980
1983,-,1980
1983,-,1980
1983,165 runs,1980
1983,127 runs,1980
1983,5 wickets,1980
1983,189 runs,1980
1983,-,1980
1983,inns & 38 runs,1980
1983,10 wickets,1980
1983,-,1980
1983,-,1980
1983,6 wickets,1980
1983,inns & 25 runs,1980
1983,4 wickets,1980
1983,-,1980
1983,-,1980
1983,inns & 119 runs,1980
1983,10 wickets,1980
1983,-,1980
1984,-,1980
1984,inns & 55 runs,1980
1984,-,1980
1984,8 wickets,1980
1984,-,1980
1984,191 runs,1980
1984,8 wickets,1980
1984,7 wickets,1980
1984,8 wickets,1980
1984,6 wickets,1980
1984,inns & 112 runs,1980
1984,-,1980
1984,-,1980
1984,-,1980
1984,172 runs,1980
1984,inns & 64 runs,1980
1984,8 wickets,1980
1984,9 wickets,1980
1984,inns & 180 runs,1980
1984,10 wickets,1980
1984,inns & 36 runs,1980
1984,10 wickets,1980
1984,inns & 61 runs,1980
1984,-,1980
1984,-,1980
1984,-,1980
1984,-,1980
1984,165 runs,1980
1984,-,1980
1984,3 wickets,1980
1984,-,1980
1984,inns & 132 runs,1980
1984,-,1980
1984,10 wickets,1980
1985,-,1980
1985,-,1980
1985,6 wickets,1980
1985,4 wickets,1980
1985,inns & 41 runs,1980
1985,10 wickets,1980
1985,8 wickets,1980
1985,-,1980
1985,-,1980
1985,149 runs,1980
1985,-,1980
1985,inns & 94 runs,1980
1985,inns & 118 runs,1980
1985,-,1980
1985,-,1980
1985,4 wickets,1980
1985,5 wickets,1980
1985,10 wickets,1980
1985,10 wickets,1980
1985,-,1980
1985,-,1980
1985,2 wickets,1980
1985,-,1980
1985,inns & 99 runs,1980
1985,-,1980
1985,9 wickets,1980
1986,inns & 106 runs,1980
1986,inns & 14 runs,1980
1986,-,1980
1986,-,1980
1986,-,1980
1986,-,1980
1986,7 wickets,1980
1986,inns & 10 runs,1980
1986,186 runs,1980
1986,-,1980
1986,-,1980
1986,-,1980
1986,-,1980
1986,8 wickets,1980
1986,-,1980
1986,-,1980
1986,279 runs,1980
1986,5 wickets,1980
1986,240 runs,1980
1986,10 wickets,1980
1986,-,1980
1986,inns & 30 runs,1980
1986,8 wickets,1980
1986,8 wickets,1980
1986,7 wickets,1980
1986,-,1980
1986,inns & 20 runs,1980
1986,10 wickets,1980
1986,-,1980
1986,-,1980
1987,-,1980
1987,-,1980
1987,-,1980
1987,-,1980
1987,-,1980
1987,-,1980
1987,9 wickets,1980
1987,inns & 87 runs,1980
1987,5 wickets,1980
1987,-,1980
1987,-,1980
1987,inns & 18 runs,1980
1987,-,1980
1987,-,1980
1987,-,1980
1987,16 runs,1980
1987,5 wickets,1980
1987,-,1980
1987,10 wickets,1980
1987,-,1980
1987,-,1980
1987,-,1980
1987,-,1980
1987,55 runs,1980
1987,inns & 67 runs,1980
1988,285 runs,1980
1988,10 wickets,1980
1988,169 runs,1980
1988,136 runs,1980
1988,9 wickets,1980
1988,172 runs,1980
1988,-,1980
1988,-,1980
1988,inns & 188 runs,1980
1988,7 wickets,1980
1988,8 wickets,1980
1988,10 wickets,1980
1988,inns & 156 runs,1980
1988,134 runs,1980
1988,-,1980
1988,2 wickets,1980
1988,-,1980
1988,9 wickets,1980
1988,-,1980
1988,-,1980
1988,inns & 108 runs,1980
1988,-,1980
1988,-,1980
1988,255 runs,1980
1989,173 runs,1980
1989,-,1980
1989,-,1980
1989,-,1980
1989,-,1980
1989,-,1980
1989,-,1980
1989,-,1980
1989,inns & 180 runs,1980
1989,9 wickets,1980
1989,-,1980
1989,6 wickets,1980
1989,210 runs,1980
1989,7 wickets,1980
1989,217 runs,1980
1989,8 wickets,1980
1989,-,1980
1989,-,1980
1989,-,1980
1989,-,1980
1989,7 wickets,1980
1990,8 wickets,1990
1990,-,1990
1990,7 wickets,1990
1990,inns & 8 runs,1990
1990,10 wickets,1990
1990,8 wickets,1990
1990,65 runs,1990
1990,9 wickets,1990
1990,inns & 43 runs,1990
1990,-,1990
1990,-,1990
1990,247 runs,1990
1990,114 runs,1990
1990,-,1990
1990,-,1990
1990,inns & 32 runs,1990
1990,164 runs,1990
1990,-,1990
1990,9 wickets,1990
1990,9 wickets,1990
1990,-,1990
1990,-,1990
1990,-,1990
1990,10 wickets,1990
1990,-,1990
1990,92 runs,1990
1991,8 wickets,1990
1991,-,1990
1991,-,1990
1991,10 wickets,1990
1991,137 runs,1990
1991,5 wickets,1990
1991,7 wickets,1990
1991,9 wickets,1990
1991,-,1990
1991,115 runs,1990
1991,157 runs,1990
1991,343 runs,1990
1991,-,1990
1991,10 wickets,1990
1991,-,1990
1991,-,1990
1991,-,1990
1991,9 wickets,1990
1991,-,1990
1991,-,1990
1991,-,1990
1992,9 wickets,1990
1992,139 runs,1990
1992,9 wickets,1990
1992,-,1990
1992,-,1990
1992,-,1990
1992,-,1990
1992,177 runs,1990
1992,-,1990
1992,-,1990
1992,-,1990
1992,-,1990
1992,16 runs,1990
1992,10 wickets,1990
1992,6 wickets,1990
1992,-,1990
1992,2 wickets,1990
1992,-,1990
1992,52 runs,1990
1992,-,1990
1992,300 runs,1990
1992,168 runs,1990
1992,38 runs,1990
1992,inns & 4 runs,1990
1992,3 wickets,1990
1992,-,1990
1993,-,1990
1993,-,1990
1993,52 runs,1990
1993,-,1990
1993,inns & 96 runs,1990
1993,131 runs,1990
1993,inns & 222 runs,1990
1993,-,1990
1993,-,1990
1993,inns & 208 runs,1990
1993,-,1990
1993,161 runs,1990
1993,8 wickets,1990
1993,-,1990
1993,235 runs,1990
1993,inns & 148 runs,1990
1993,-,1990
1993,-,1990
1993,inns & 62 runs,1990
1993,179 runs,1990
1993,-,1990
1993,10 wickets,1990
1993,204 runs,1990
1993,5 wickets,1990
1993,inns & 13 runs,1990
1993,5 wickets,1990
1993,-,1990
1993,inns & 60 runs,1990
1993,inns & 15 runs,1990
1993,inns & 22 runs,1990
1993,inns & 25 runs,1990
1993,8 wickets,1990
1993,1 run,1990
1993,-,1990
1993,-,1990
1993,33 runs,1990
1994,8 wickets,1990
1994,295 runs,1990
1994,243 runs,1990
1994,-,1990
1994,137 runs,1990
1994,184 runs,1990
1994,96 runs,1990
1994,-,1990
1994,-,1990
1994,-,1990
1994,-,1990
1994,-,1990
1994,1 wicket,1990
1994,inns & 52 runs,1990
1994,8 wickets,1990
1994,301 runs,1990
1994,-,1990
1994,356 runs,1990
1994,-,1990
1994,-,1990
1994,inns & 90 runs,1990
1994,-,1990
1994,208 runs,1990
1994,147 runs,1990
1994,-,1990
1994,-,1990
1994,inns & 44 runs,1990
1994,9 wickets,1990
1994,197 runs,1990
1994,5 wickets,1990
1994,8 wickets,1990
1994,inns & 12 runs,1990
1994,5 wickets,1990
1994,inns & 17 runs,1990
1994,191 runs,1990
1994,inns & 95 runs,1990
1994,inns & 119 runs,1990
1994,5 runs,1990
1995,-,1990
1995,10 wickets,1990
1995,-,1990
1995,inns & 36 runs,1990
1995,161 runs,1990
1995,-,1990
1995,74 runs,1990
1995,155 runs,1990
1995,-,1990
1995,inns & 126 runs,1990
1995,-,1990
1995,-,1990
1995,8 wickets,1990
1995,7 wickets,1990
1995,144 runs,1990
1995,42 runs,1990
1995,inns & 40 runs,1990
1995,-,1990
1995,-,1990
1995,6 wickets,1990
1995,inns & 64 runs,1990
1995,72 runs,1990
1995,9 wickets,1990
1995,inns & 53 runs,1990
1995,9 wickets,1990
1995,-,1990
1995,10 wickets,1990
1995,-,1990
1995,241 runs,1990
1995,93 runs,1990
1995,99 runs,1990
1995,inns & 322 runs,1990
1995,8 wickets,1990
1995,329 runs,1990
1995,-,1990
1995,inns & 64 runs,1990
1995,106 runs,1990
1995,324 runs,1990
1995,7 wickets,1990
1995,-,1990
1996,328 runs,1990
1996,-,1990
1996,6 wickets,1990
1996,-,1990
1996,280 runs,1990
1996,124 runs,1990
1996,inns & 13 runs,1990
1996,329 runs,1990
1996,123 runs,1990
1996,44 runs,1990
1996,64 runs,1990
1996,10 wickets,1990
1996,-,1990
1996,7 wickets,1990
1996,10 wickets,1990
1996,inns & 77 runs,1990
1996,9 wickets,1990
1996,-,1990
1996,164 runs,1990
1996,-,1990
1996,-,1990
1996,8 wickets,1990
1996,-,1990
1996,10 wickets,1990
1996,148 runs,1990
1996,-,1990
1996,-,1990
1996,10 wickets,1990
1997,-,1990
1997,10 wickets,1990
1997,-,1990
1997,inns & 29 runs,1990
1997,-,1990
1997,-,1990
1997,inns & 70 runs,1990
1997,-,1990
1997,inns & 19 runs,1990
1997,186 runs,1990
1997,53 runs,1990
1997,-,1990
1997,-,1990
1997,-,1990
1997,-,1990
1997,19 runs,1990
1997,-,1990
1997,264 runs,1990
1997,-,1990
1997,inns & 61 runs,1990
1997,268 runs,1990
1997,-,1990
1997,-,1990
1997,6 wickets,1990
1997,9 wickets,1990
1997,-,1990
1997,-,1990
1997,-,1990
1997,-,1990
1997,38 runs,1990
1997,8 wickets,1990
1997,-,1990
1997,2 wickets,1990
1997,120 runs,1990
1997,inns & 36 runs,1990
1997,-,1990
1997,inns & 196 runs,1990
1997,4 wickets,1990
1997,inns & 68 runs,1990
1997,10 wickets,1990
1997,inns & 183 runs,1990
1997,-,1990
1997,-,1990
1997,282 runs,1990
1998,9 wickets,1990
1998,12 runs,1990
1998,4 wickets,1990
1998,205 runs,1990
1998,178 runs,1990
1998,-,1990
1998,7 wickets,1990
1998,7 wickets,1990
1998,4 wickets,1990
1998,-,1990
1998,-,1990
1998,-,1990
1998,61 runs,1990
1998,inns & 99 runs,1990
1998,10 wickets,1990
1998,23 runs,1990
1998,8 wickets,1990
1998,-,1990
1998,10 wickets,1990
1998,164 runs,1990
1998,-,1990
1998,inns & 16 runs,1990
1998,167 runs,1990
1998,6 wickets,1990
1998,8 wickets,1990
1998,3 wickets,1990
1998,inns & 52 runs,1990
1998,70 runs,1990
1998,inns & 219 runs,1990
1998,-,1990
1998,-,1990
1998,259 runs,1990
1998,179 runs,1990
1998,242 runs,1990
1998,29 runs,1990
1998,inns & 13 runs,1990
1998,10 wickets,1990
1998,-,1990
1998,3 wickets,1990
1998,3 wickets,1990
1998,-,1990
1998,-,1990
1998,5 wickets,1990
1998,8 wickets,1990
1998,inns & 21 runs,1990
1999,-,1990
1999,180 runs,1990
1999,inns & 105 runs,1990
1999,9 wickets,1990
1999,285 runs,1990
1999,-,1990
1999,-,1990
1999,6 wickets,1990
1999,inns & 20 runs,1990
1999,inns & 21 runs,1990
1999,-,1990
1999,4 wickets,1990
1999,inns & 219 runs,1990
1999,10 wickets,1990
1999,inns & 13 runs,1990
1999,-,1990
1999,8 wickets,1990
1999,10 wickets,1990
1999,-,1990
1999,-,1990
1999,-,1990
1999,6 wickets,1990
1999,83 runs,1990
1999,-,1990
1999,9 wickets,1990
1999,7 wickets,1990
1999,176 runs,1990
1999,1 wicket,1990
1999,8 wickets,1990
1999,10 wickets,1990
1999,inns & 175 runs,1990
1999,-,1990
1999,312 runs,1990
1999,-,1990
1999,-,1990
1999,-,1990
1999,46 runs,1990
1999,212 runs,1990
1999,12 runs,1990
1999,351 runs,1990
1999,149 runs,1990
1999,98 runs,1990
1999,-,1990
2000,-,2000
2000,352 runs,2000
2000,-,2000
2000,5 wickets,2000
2000,-,2000
2000,6 wickets,2000
2000,inns & 27 runs,2000
2000,7 wickets,2000
2000,-,2000
2000,-,2000
2000,inns & 126 runs,2000
2000,7 wickets,2000
2000,5 wickets,2000
2000,-,2000
2000,9 wickets,2000
2000,8 wickets,2000
2000,7 wickets,2000
2000,158 runs,2000
2000,inns & 39 runs,2000
2000,-,2000
2000,-,2000
2000,7 runs,2000
2000,inns & 15 runs,2000
2000,2 wickets,2000
2000,-,2000
2000,inns & 163 runs,2000
2000,inns & 93 runs,2000
2000,5 wickets,2000
2000,-,2000
2000,1 wicket,2000
2000,-,2000
2000,inns & 209 runs,2000
2000,-,2000
2000,6 wickets,2000
2000,10 wickets,2000
2000,6 wickets,2000
2000,35 runs,2000
2000,222 runs,2000
2000,62 runs,2000
2000,57 runs,2000
2000,inns & 71 runs,2000
2000,2 wickets,2000
2000,4 wickets,2000
2000,2 wickets,2000
2000,inns & 37 runs,2000
2000,inns & 141 runs,2000
2001,inns & 166 runs,2000
2001,9 wickets,2000
2001,inns & 74 runs,2000
2001,-,2000
2001,inns & 52 runs,2000
2001,246 runs,2000
2001,-,2000
2001,10 wickets,2000
2001,-,2000
2001,10 wickets,2000
2001,-,2000
2001,131 runs,2000
2001,-,2000
2001,8 wickets,2000
2001,10 wickets,2000
2001,-,2000
2001,-,2000
2001,9 wickets,2000
2001,-,2000
2001,9 wickets,2000
2001,inns & 137 runs,2000
2001,inns & 264 runs,2000
2001,inns & 77 runs,2000
2001,inns & 25 runs,2000
2001,7 wickets,2000
2001,6 wickets,2000
2001,10 wickets,2000
2001,7 wickets,2000
2001,-,2000
2001,8 wickets,2000
2001,inns & 176 runs,2000
2001,inns & 118 runs,2000
2001,4 wickets,2000
2001,8 wickets,2000
2001,108 runs,2000
2001,inns & 9 runs,2000
2001,8 wickets,2000
2001,130 runs,2000
2001,inns & 32 runs,2000
2001,82 runs,2000
2001,-,2000
2001,inns & 185 runs,2000
2001,2 wickets,2000
2001,69 runs,2000
2001,4 wickets,2000
2001,-,2000
2001,171 runs,2000
2001,-,2000
2001,299 runs,2000
2001,3 wickets,2000
2001,10 wickets,2000
2001,inns & 28 runs,2000
2001,inns & 7 runs,2000
2001,inns & 229 runs,2000
2001,6 wickets,2000
2002,10 wickets,2000
2002,5 wickets,2000
2002,4 wickets,2000
2002,7 wickets,2000
2002,10 wickets,2000
2002,inns & 310 runs,2000
2002,inns & 48 runs,2000
2002,inns & 51 runs,2000
2002,10 wickets,2000
2002,3 wickets,2000
2002,119 runs,2000
2002,inns & 64 runs,2000
2002,384 runs,2000
2002,-,2000
2002,inns & 160 runs,2000
2002,inns & 20 runs,2000
2002,inns & 107 runs,2000
2002,8 wickets,2000
2002,inns & 198 runs,2000
2002,inns & 112 runs,2000
2002,41 runs,2000
2002,-,2000
2002,inns & 46 runs,2000
2002,-,2000
2002,288 runs,2000
2002,170 runs,2000
2002,inns & 196 runs,2000
2002,-,2000
2002,204 runs,2000
2002,10 wickets,2000
2002,inns & 111 runs,2000
2002,155 runs,2000
2002,-,2000
2002,-,2000
2002,10 wickets,2000
2002,inns & 324 runs,2000
2002,37 runs,2000
2002,-,2000
2002,78 runs,2000
2002,-,2000
2002,5 wickets,2000
2002,98 runs,2000
2002,4 wickets,2000
2002,8 wickets,2000
2002,4 wickets,2000
2002,inns & 360 runs,2000
2002,inns & 101 runs,2000
2002,244 runs,2000
2002,170 runs,2000
2002,inns & 169 runs,2000
2002,315 runs,2000
2002,inns & 178 runs,2000
2002,inns & 94 runs,2000
2002,10 wickets,2000
2003,inns & 65 runs,2000
2003,9 wickets,2000
2003,7 wickets,2000
2003,-,2000
2003,inns & 215 runs,2000
2003,189 runs,2000
2003,4 wickets,2000
2003,-,2000
2003,-,2000
2003,-,2000
2003,128 runs,2000
2003,-,2000
2003,329 runs,2000
2003,-,2000
2003,7 wickets,2000
2003,8 wickets,2000
2003,9 wickets,2000
2003,-,2000
2003,inns & 175 runs,2000
2003,-,2000
2003,9 wickets,2000
2003,1 wicket,2000
2003,9 wickets,2000
2003,191 runs,2000
2003,7 wickets,2000
2003,70 runs,2000
2003,inns & 92 runs,2000
2003,inns & 98 runs,2000
2003,-,2000
2003,inns & 132 runs,2000
2003,7 wickets,2000
2003,-,2000
2003,inns & 69 runs,2000
2003,inns & 92 runs,2000
2003,3 wickets,2000
2003,-,2000
2003,9 wickets,2000
2003,inns & 18 runs,2000
2003,-,2000
2003,inns & 60 runs,2000
2003,118 runs,2000
2003,9 wickets,2000
2003,inns & 142 runs,2000
2003,225 runs,2000
2004,-,2000
2004,9 wickets,2000
2004,7 wickets,2000
2004,inns & 83 runs,2000
2004,491 runs,2000
2004,inns & 140 runs,2000
2004,8 wickets,2000
2004,213 runs,2000
2004,-,2000
2004,inns & 156 runs,2000
2004,13 runs,2000
2004,6 wickets,2000
2004,342 runs,2000
2004,inns & 101 runs,2000
2004,201 runs,2000
2004,inns & 99 runs,2000
2004,-,2000
2004,217 runs,2000
2004,10 wickets,2000
2004,7 wickets,2000
2004,313 runs,2000
2004,-,2000
2004,256 runs,2000
2004,210 runs,2000
2004,-,2000
2004,149 runs,2000
2004,4 wickets,2000
2004,inns & 99 runs,2000
2004,9 wickets,2000
2004,-,2000
2004,7 wickets,2000
2004,inns & 254 runs,2000
2004,inns & 240 runs,2000
2004,inns & 131 runs,2000
2004,-,2000
2004,9 wickets,2000
2004,8 wickets,2000
2004,inns & 52 runs,2000
2004,6 wickets,2000
2004,121 runs,2000
2004,7 wickets,2000
2004,9 wickets,2000
2004,27 runs,2000
2004,10 wickets,2000
2004,-,2000
2004,197 runs,2000
2004,-,2000
2004,183 runs,2000
2004,10 wickets,2000
2004,-,2000
2004,-,2000
2005,184 runs,2000
2005,259 runs,2000
2005,-,2000
2005,188 runs,2000
2005,-,2000
2005,inns & 100 runs,2000
2005,7 wickets,2000
2005,-,2000
2005,9 wickets,2000
2005,22 runs,2000
2005,379 runs,2000
2005,210 runs,2000
2005,10 wickets,2000
2005,inns & 69 runs,2000
2005,inns & 90 runs,2000
2005,inns & 96 runs,2000
2005,-,2000
2005,3 wickets,2000
2005,inns & 46 runs,2000
2005,-,2000
2005,inns & 294 runs,2000
2005,2 runs,2000
2005,240 runs,2000
2005,239 runs,2000
2005,6 wickets,2000
2005,136 runs,2000
2005,inns & 27 runs,2000
2005,276 runs,2000
2005,inns & 261 runs,2000
2005,-,2000
2005,inns & 86 runs,2000
2005,inns & 38 runs,2000
2005,8 wickets,2000
2005,-,2000
2005,-,2000
2005,9 wickets,2000
2005,168 runs,2000
2005,-,2000
2005,195 runs,2000
2005,inns & 62 runs,2000
2005,9 wickets,2000
2005,-,2000
2005,inns & 21 runs,2000
2005,-,2000
2005,-,2000
2005,77 runs,2000
2005,226 runs,2000
2005,196 runs,2000
2005,9 wickets,2000
2006,174 runs,2000
2006,inns & 99 runs,2000
2006,123 runs,2000
2006,217 runs,2000
2006,206 runs,2000
2006,5 wickets,2000
2006,6 wickets,2000
2006,199 runs,2000
2006,277 runs,2000
2006,-,2000
2006,9 wickets,2000
2006,-,2000
2006,167 runs,2000
2006,1 wicket,2000
2006,inns & 120 runs,2000
2006,inns & 153 runs,2000
2006,-,2000
2006,49 runs,2000
2006,-,2000
2006,-,2000
2006,-,2000
2006,134 runs,2000
2006,6 wickets,2000
2006,-,2000
2006,4 wickets,2000
2006,-,2000
2006,inns & 80 runs,2000
2006,128 runs,2000
2006,3 wickets,2000
2006,8 wickets,2000
2006,2 wickets,2000
2006,-,2000
2006,-,2000
2006,112 runs,2000
2006,212 runs,2000
2006,10 wickets,2000
2006,7 wickets,2000
2006,9 wickets,2000
2006,27 runs,2000
2006,10 wickets,2000
2006,-,2000
2006,8 wickets,2000
2006,341 runs,2000
2006,-,2000
2006,-,2000
2006,8 wickets,2000
2007,128 runs,2000
2007,337 runs,2000
2007,-,2000
2007,-,2000
2007,-,2000
2007,88 runs,2000
2007,-,2000
2007,6 wickets,2000
2007,inns & 59 runs,2000
2007,96 runs,2000
2007,358 runs,2000
2007,inns & 40 runs,2000
2007,-,2000
2007,160 runs,2000
2007,-,2000
2007,7 wickets,2000
2007,-,2000
2007,inns & 193 runs,2000
2007,inns & 90 runs,2000
2007,inns & 234 runs,2000
2007,7 wickets,2000
2007,60 runs,2000
2007,inns & 283 runs,2000
2007,inns & 239 runs,2000
2007,-,2000
2007,-,2000
2007,5 wickets,2000
2007,5 wickets,2000
2007,7 wickets,2000
2007,5 wickets,2000
2007,10 wickets,2000
2008,107 runs,2000
2008,9 wickets,2000
2008,-,2000
2008,-,2000
2008,6 wickets,2000
2008,6 wickets,2000
2008,-,2000
2008,inns & 62 runs,2000
2008,inns & 48 runs,2000
2008,149 runs,2000
2008,inns & 129 runs,2000
2008,172 runs,2000
2008,-,2000
2008,-,2000
2008,320 runs,2000
2008,3 wickets,2000
2008,-,2000
2008,8 wickets,2000
2008,6 wickets,2000
2008,170 runs,2000
2008,5 wickets,2000
2008,inns & 239 runs,2000
2008,10 wickets,2000
2008,-,2000
2008,87 runs,2000
2008,inns & 9 runs,2000
2008,-,2000
2008,6 wickets,2000
2008,95 runs,2000
2008,-,2000
2008,8 wickets,2000
2008,6 wickets,2000
2008,inns & 90 runs,2000
2008,-,2000
2008,121 runs,2000
2008,121 runs,2000
2008,126 runs,2000
2008,189 runs,2000
2008,inns & 205 runs,2000
2008,5 wickets,2000
2008,-,2000
2008,72 runs,2000
2008,inns & 137 runs,2000
2008,inns & 100 runs,2000
2008,9 wickets,2000
2008,7 wickets,2000
2008,122 runs,2000
2009,inns & 98 runs,2000
2009,170 runs,2000
2009,-,2000
2009,35 runs,2000
2009,-,2000
2009,-,2000
2009,141 runs,2000
2009,inns & 24 runs,2000
2009,inns & 65 runs,2000
2009,inns & 144 runs,2000
2009,32 runs,2000
2009,-,2000
2009,96 runs,2000
2009,197 runs,2000
2009,202 runs,2000
2009,inns & 80 runs,2000
2009,-,2000
2009,-,2000
2009,4 wickets,2000
2009,115 runs,2000
2009,7 wickets,2000
2009,95 runs,2000
2009,-,2000
2009,50 runs,2000
2009,inns & 83 runs,2000
2009,10 wickets,2000
2009,-,2000
2009,-,2000
2009,inns & 20 runs,2000
2009,10 wickets,2000
2009,-,2000
2009,175 runs,2000
2009,-,2000
2009,-,2000
2009,162 runs,2000
2009,-,2000
2009,-,2000
2009,-,2000
2009,inns & 23 runs,2000
2009,465 runs,2000
2009,103 runs,2000
2010,87 runs,2010
2010,inns & 157 runs,2010
2010,inns & 25 runs,2010
2010,267 runs,2010
2010,inns & 71 runs,2010
2010,-,2010
2010,-,2010
2010,-,2010
2010,-,2010
2010,inns & 198 runs,2010
2010,-,2010
2010,-,2010
2010,-,2010
2010,-,2010
2010,7 wickets,2010
2010,1 wicket,2010
2010,inns & 225 runs,2010
2010,4 wickets,2010
2010,9 wickets,2010
2010,5 wickets,2010
2010,354 runs,2010
2010,-,2010
2010,3 wickets,2010
2010,10 wickets,2010
2010,150 runs,2010
2010,7 wickets,2010
2010,-,2010
2010,163 runs,2010
2010,inns & 80 runs,2010
2010,8 wickets,2010
2010,176 runs,2010
2010,9 wickets,2010
2010,10 wickets,2010
2010,181 runs,2010
2010,121 runs,2010
2010,inns & 57 runs,2010
2010,inns & 6 runs,2010
2010,10 wickets,2010
2010,113 runs,2010
2010,inns & 74 runs,2010
2010,231 runs,2010
2010,-,2010
2010,36 runs,2010
2011,208 runs,2010
2011,122 runs,2010
2011,7 wickets,2010
2011,inns & 81 runs,2010
2011,inns & 184 runs,2010
2011,7 runs,2010
2011,9 wickets,2010
2011,-,2010
2011,2 wickets,2010
2011,inns & 15 runs,2010
2011,8 wickets,2010
2011,5 wickets,2010
2011,-,2010
2011,34 runs,2010
2011,229 runs,2010
2011,9 wickets,2010
2011,-,2010
2011,-,2010
2011,-,2010
2011,-,2010
2011,7 wickets,2010
2011,125 runs,2010
2011,inns & 8 runs,2010
2011,inns & 242 runs,2010
2011,130 runs,2010
2011,319 runs,2010
2011,196 runs,2010
2011,-,2010
2011,-,2010
2011,63 runs,2010
2011,-,2010
2011,-,2010
2011,inns & 14 runs,2010
2011,196 runs,2010
2011,40 runs,2010
2011,-,2010
2011,10 wickets,2010
2011,inns & 83 runs,2010
2011,-,2010
2012,inns & 201 runs,2010
2012,137 runs,2010
2012,-,2010
2012,7 wickets,2010
2012,309 runs,2010
2012,167 runs,2010
2012,10 wickets,2010
2012,-,2010
2012,10 wickets,2010
2012,10 wickets,2010
2012,9 wickets,2010
2012,77 runs,2010
2012,-,2010
2012,5 wickets,2010
2012,inns & 115 runs,2010
2012,51 runs,2010
2012,5 wickets,2010
2012,-,2010
2012,9 wickets,2010
2012,inns & 12 runs,2010
2012,-,2010
2012,-,2010
2012,209 runs,2010
2012,-,2010
2012,9 wickets,2010
2012,5 wickets,2010
2012,75 runs,2010
2012,-,2010
2012,3 wickets,2010
2012,8 wickets,2010
2012,75 runs,2010
2012,-,2010
2012,9 wickets,2010
2012,-,2010
2012,71 runs,2010
2012,inns & 301 runs,2010
2012,72 runs,2010
2012,298 runs,2010
2012,10 wickets,2010
2012,inns & 37 runs,2010
2012,10 wickets,2010
2012,inns & 68 runs,2010
2013,-,2010
2013,10 wickets,2010
2013,8 wickets,2010
2013,8 wickets,2010
2013,-,2010
2013,150 runs,2010
2013,inns & 73 runs,2010
2013,218 runs,2010
2013,-,2010
2013,381 runs,2010
2013,inns & 126 runs,2010
2013,inns & 51 runs,2010
2013,inns & 92 runs,2010
2013,-,2010
2013,7 wickets,2010
2013,-,2010
2013,24 runs,2010
2013,221 runs,2010
2013,-,2010
2013,74 runs,2010
2013,-,2010
2013,347 runs,2010
2013,14 runs,2010
2013,247 runs,2010
2013,170 runs,2010
2013,143 runs,2010
2013,335 runs,2010
2013,6 wickets,2010
2013,-,2010
2013,inns & 65 runs,2010
2013,7 wickets,2010
2013,6 wickets,2010
2013,-,2010
2013,9 wickets,2010
2013,-,2010
2013,-,2010
2013,inns & 135 runs,2010
2013,inns & 18 runs,2010
2013,8 wickets,2010
2013,4 wickets,2010
2013,211 runs,2010
2013,inns & 193 runs,2010
2013,5 wickets,2010
2013,inns & 27 runs,2010
2014,-,2010
2014,-,2010
2014,8 wickets,2010
2014,inns & 220 runs,2010
2014,4 wickets,2010
2014,48 runs,2010
2014,inns & 80 runs,2010
2014,-,2010
2014,186 runs,2010
2014,248 runs,2010
2014,162 runs,2010
2014,356 runs,2010
2014,3 wickets,2010
2014,221 runs,2010
2014,296 runs,2010
2014,10 wickets,2010
2014,inns & 244 runs,2010
2014,105 runs,2010
2014,9 wickets,2010
2014,inns & 54 runs,2010
2014,7 wickets,2010
2014,266 runs,2010
2014,-,2010
2014,95 runs,2010
2014,153 runs,2010
2014,-,2010
2014,53 runs,2010
2014,100 runs,2010
2014,10 wickets,2010
2014,-,2010
2014,186 runs,2010
2014,245 runs,2010
2014,231 runs,2010
2014,-,2010
2014,281 runs,2010
2014,40 runs,2010
2014,-,2010
2014,inns & 248 runs,2010
2014,5 wickets,2010
2014,9 wickets,2010
2014,281 runs,2010
2015,241 runs,2010
2015,177 runs,2010
2015,5 wickets,2010
2015,inns & 212 runs,2010
2015,122 runs,2010
2015,337 runs,2010
2015,3 wickets,2010
2015,124 runs,2010
2015,-,2010
2015,-,2010
2015,108 runs,2010
2015,208 runs,2010
2015,127 runs,2010
2015,178 runs,2010
2015,72 runs,2010
2015,inns & 6 runs,2010
2015,-,2010
2015,117 runs,2010
2015,inns & 46 runs,2010
2015,278 runs,2010
2015,63 runs,2010
2015,inns & 78 runs,2010
2015,-,2010
2015,8 wickets,2010
2015,-,2010
2015,405 runs,2010
2015,169 runs,2010
2015,7 wickets,2010
2015,7 wickets,2010
2015,10 wickets,2010
2015,277 runs,2010
2015,-,2010
2015,9 wickets,2010
2015,199 runs,2010
2015,124 runs,2010
2015,328 runs,2010
2015,5 wickets,2010
2015,-,2010
2015,9 wickets,2010
2015,-,2010
2015,-,2010
2015,193 runs,2010
2015,8 wickets,2010
2016,206 runs,2010
2016,inns & 18 runs,2010
2016,inns & 75 runs,2010
2016,39 runs,2010
2016,inns & 36 runs,2010
2016,8 wickets,2010
2016,138 runs,2010
2016,7 wickets,2010
2016,246 runs,2010
2016,8 wickets,2010
2016,inns & 80 runs,2010
2016,-,2010
2016,257 runs,2010
2016,177 runs,2010
2016,5 wickets,2010
2016,225 runs,2010
2016,108 runs,2010
2016,133 runs,2010
2016,22 runs,2010
2016,56 runs,2010
2016,321 runs,2010
2016,178 runs,2010
2016,197 runs,2010
2016,204 runs,2010
2016,-,2010
2016,-,2010
2016,163 runs,2010
2016,10 wickets,2010
2016,237 runs,2010
2016,254 runs,2010
2016,229 runs,2010
2016,141 runs,2010
2016,-,2010
2016,inns & 117 runs,2010
2016,106 runs,2010
2016,330 runs,2010
2016,inns & 92 runs,2010
2016,75 runs,2010
2016,-,2010
2016,9 wickets,2010
2016,inns & 88 runs,2010
2016,7 wickets,2010
2016,inns & 52 runs,2010
2016,280 runs,2010
2016,7 wickets,2010
2016,-,2010
2016,-,2010
2017,inns & 120 runs,2010
2017,-,2010
2017,inns & 41 runs,2010
2017,240 runs,2010
2017,-,2010
2017,120 runs,2010
2017,inns & 67 runs,2010
2017,inns & 239 runs,2010
2017,10 wickets,2010
2017,-,2010
2017,-,2010
2017,117 runs,2010
2017,68 runs,2010
2017,inns & 254 runs,2010
2017,333 runs,2010
2017,21 runs,2010
2017,9 wickets,2010
2017,7 wickets,2010
2017,20 runs,2010
2017,5 wickets,2010
2017,inns & 209 runs,2010
2017,inns & 171 runs,2010
2017,177 runs,2010
2017,inns & 53 runs,2010
2017,239 runs,2010
2017,304 runs,2010
2017,340 runs,2010
2017,4 wickets,2010
2017,211 runs,2010
2017,101 runs,2010
2017,106 runs,2010
2017,7 wickets,2010
2017,8 wickets,2010
2017,-,2010
2017,-,2010
2017,8 wickets,2010
2017,4 wickets,2010
2017,-,2010
2017,259 runs,2010
2017,75 runs,2010
2017,333 runs,2010
2017,208 runs,2010
2017,9 wickets,2010
2017,inns & 118 runs,2010
2017,7 wickets,2010
2017,220 runs,2010
2017,282 runs,2010
2018,6 wickets,2010
2018,137 runs,2010
2018,423 runs,2010
2018,-,2010
2018,146 runs,2010
2018,31 runs,2010
2018,123 runs,2010
2018,inns & 184 runs,2010
2018,inns & 16 runs,2010
2018,42 runs,2010
2018,64 runs,2010
2018,4 runs,2010
2018,57 runs,2010
2018,218 runs,2010
2018,211 runs,2010
2018,151 runs,2010
2018,373 runs,2010
2018,10 wickets,2010
2018,-,2010
2018,inns & 272 runs,2010
2018,118 runs,2010
2018,60 runs,2010
2018,203 runs,2010
2018,inns & 159 runs,2010
2018,31 runs,2010
2018,199 runs,2010
2018,166 runs,2010
2018,278 runs,2010
2018,inns & 219 runs,2010
2018,4 wickets,2010
2018,-,2010
2018,inns & 262 runs,2010
2018,226 runs,2010
2018,inns & 55 runs,2010
2018,9 wickets,2010
2018,5 wickets,2010
2018,492 runs,2010
2018,-,2010
2018,322 runs,2010
2018,inns & 49 runs,2010
2018,6 wickets,2010
2018,118 runs,2010
2018,215 runs,2010
2018,-,2010
2018,63 runs,2010
2018,135 runs,2010
2018,72 runs,2010
2018,inns & 123 runs,2010
2019,107 runs,2010
2019,247 runs,2010
2019,263 runs,2010
2019,296 runs,2010
2019,-,2010
2019,inns & 48 runs,2010
2019,-,2010
2019,9 wickets,2010
2019,inns & 46 runs,2010
2019,inns & 5 runs,2010
2019,inns & 65 runs,2010
2019,inns & 130 runs,2010
2019,inns & 202 runs,2010
2019,inns & 137 runs,2010
2019,203 runs,2010
2019,135 runs,2010
2019,224 runs,2010
2019,185 runs,2010
2019,257 runs,2010
2019,318 runs,2010
2019,1 wicket,2010
2019,inns & 65 runs,2010
2019,-,2010
2019,6 wickets,2010
2019,251 runs,2010
2019,143 runs,2010
2019,7 wickets,2010
2019,inns & 12 runs,2010
2019,inns & 52 runs,2010
2019,8 wickets,2010
2019,1 wicket,2010
2019,232 runs,2010
2019,366 runs,2010
2019,10 wickets,2010
2019,inns & 40 runs,2010
2019,381 runs,2010
2019,107 runs,2010
2019,9 wickets,2010
2019,-,2010
2020,inns & 45 runs,2020
2020,8 wickets,2020
2020,101 runs,2020
2020,8 wickets,2020
2020,inns & 12 runs,2020
2020,inns & 134 runs,2020
2020,-,2020
2020,-,2020
2020,3 wickets,2020
2020,269 runs,2020
2020,113 runs,2020
2020,4 wickets,2020
2020,7 wickets,2020
2020,inns & 106 runs,2020
2020,10 wickets,2020
2020,inns & 44 runs,2020
2020,-,2020
2020,191 runs,2020
2020,10 wickets,2020
2020,inns & 53 runs,2020
2020,189 runs,2020
2020,279 runs,2020
2021,113 runs,2020
2021,inns & 14 runs,2020
2021,275 runs,2020
2021,9 wickets,2020
2021,inns & 8 runs,2020
2021,372 runs,2020
2021,164 runs,2020
2021,8 wickets,2020
2021,-,2020
2021,187 runs,2020
2021,157 runs,2020
2021,inns & 76 runs,2020
2021,109 runs,2020
2021,1 wicket,2020
2021,151 runs,2020
2021,-,2020
2021,220 runs,2020
2021,158 runs,2020
2021,8 wickets,2020
2021,inns & 63 runs,2020
2021,8 wickets,2020
2021,-,2020
2021,inns & 147 runs,2020
2021,inns & 116 runs,2020
2021,209 runs,2020
2021,-,2020
2021,-,2020
2021,-,2020
2021,6 wickets,2020
2021,inns & 25 runs,2020
2021,10 wickets,2020
2021,10 wickets,2020
2021,317 runs,2020
2021,17 runs,2020
2021,227 runs,2020
2021,95 runs,2020
2021,3 wickets,2020
2021,7 wickets,2020
2021,6 wickets,2020
2021,3 wickets,2020
2021,7 wickets,2020
2021,-,2020
2021,10 wickets,2020
2021,inns & 176 runs,2020
2022,-,2020
2022,inns & 182 runs,2020
2022,3 wickets,2020
2022,8 wickets,2020
2022,6 wickets,2020
2022,188 runs,2020
2022,26 runs,2020
2022,419 runs,2020
2022,74 runs,2020
2022,164 runs,2020
2022,9 wickets,2020
2022,inns & 85 runs,2020
2022,inns & 12 runs,2020
2022,246 runs,2020
2022,4 wickets,2020
2022,inns & 39 runs,2020
2022,7 wickets,2020
2022,10 wickets,2020
2022,10 wickets,2020
2022,7 wickets,2020
2022,7 wickets,2020
2022,5 wickets,2020
2022,5 wickets,2020
2022,10 wickets,2020
2022,-,2020
2022,332 runs,2020
2022,220 runs,2020
2022,10 wickets,2020
2022,115 runs,2020
2022,-,2020
2022,238 runs,2020
2022,-,2020
2022,-,2020
2022,-,2020
2022,inns & 222 runs,2020
2022,198 runs,2020
2022,inns & 276 runs,2020
2022,146 runs,2020
2022,7 wickets,2020
2022,inns & 117 runs,2020
2022,-,2020
2022,7 wickets,2020
2022,8 wickets,2020
2023,inns & 32 runs,2020
2023,79 runs,2020
2023,360 runs,2020
2023,4 wickets,2020
2023,150 runs,2020
2023,49 runs,2020
2023,inns & 222 runs,2020
2023,-,2020
2023,-,2020
2023,4 wickets,2020
2023,inns & 141 runs,2020
2023,3 wickets,2020
2023,43 runs,2020
2023,2 wickets,2020
2023,546 runs,2020
2023,209 runs,2020
2023,10 wickets,2020
2023,inns & 10 runs,2020
2023,inns & 280 runs,2020
2023,7 wickets,2020
2023,inns & 58 runs,2020
2023,-,2020
2023,2 wickets,2020
2023,284 runs,2020
2023,9 wickets,2020
2023,87 runs,2020
2023,1 run,2020
2023,6 wickets,2020
2023,267 runs,2020
2023,inns & 4 runs,2020
2023,inns & 132 runs,2020
2023,-,2020
2023,-,2020
2023,-,2020
